{"cameraMode":{"drawMode":0,"name":"Shaded","section":"Shading Mode"},"sceneLighting":true,"audioPlay":false,"sceneViewState":{"showFog":true,"showMaterialUpdate":true,"showSkybox":true,"showFlares":true,"showImageEffects":true,"showParticleSystems":true},"in2DMode":false,"pivot":{"x":-25.6820068359375,"y":-143.84039306640626,"z":-65.0718994140625},"rotation":{"x":0.0545516237616539,"y":-0.9390144944190979,"z":0.1770300418138504,"w":0.2898964583873749},"size":562.465087890625,"orthographic":false}