{"cameraMode":{"drawMode":0,"name":"Shaded","section":"Shading Mode"},"sceneLighting":true,"audioPlay":false,"sceneViewState":{"showFog":true,"showMaterialUpdate":true,"showSkybox":true,"showFlares":true,"showImageEffects":true,"showParticleSystems":true},"in2DMode":false,"pivot":{"x":-1.614501953125,"y":-6.903746604919434,"z":9.282684326171875},"rotation":{"x":-0.24960589408874513,"y":0.4875907301902771,"z":-0.14779479801654817,"w":-0.8234784603118897},"size":15.881534576416016,"orthographic":false}