{"cameraMode":{"drawMode":0,"name":"Shaded","section":"Shading Mode"},"sceneLighting":true,"audioPlay":false,"sceneViewState":{"showFog":true,"showMaterialUpdate":true,"showSkybox":true,"showFlares":true,"showImageEffects":true,"showParticleSystems":true},"in2DMode":false,"pivot":{"x":-112.20928955078125,"y":91.64752197265625,"z":-117.45877075195313},"rotation":{"x":0.0545516237616539,"y":-0.9390144944190979,"z":0.1770300418138504,"w":0.2898964583873749},"size":471.6614685058594,"orthographic":false}