{"cameraMode":{"drawMode":0,"name":"Shaded","section":"Shading Mode"},"sceneLighting":true,"audioPlay":false,"sceneViewState":{"showFog":true,"showMaterialUpdate":true,"showSkybox":true,"showFlares":true,"showImageEffects":true,"showParticleSystems":true},"in2DMode":false,"pivot":{"x":280.30816650390627,"y":-26.195819854736329,"z":-99.45704650878906},"rotation":{"x":-0.0019105757819488645,"y":-0.8155819177627564,"z":0.0027028077747672798,"w":-0.5786661505699158},"size":208.83236694335938,"orthographic":false}