{"cameraMode":{"drawMode":0,"name":"Shaded","section":"Shading Mode"},"sceneLighting":true,"audioPlay":true,"sceneViewState":{"showFog":true,"showMaterialUpdate":true,"showSkybox":false,"showFlares":true,"showImageEffects":true,"showParticleSystems":true},"in2DMode":false,"pivot":{"x":33.02264404296875,"y":225.32501220703126,"z":59.24073791503906},"rotation":{"x":0.14343975484371186,"y":0.7230818271636963,"z":-0.15769647061824799,"w":0.6571308970451355},"size":555.8345336914063,"orthographic":false}