{"cameraMode":{"drawMode":0,"name":"Shaded","section":"Shading Mode"},"sceneLighting":true,"audioPlay":false,"sceneViewState":{"showFog":true,"showMaterialUpdate":true,"showSkybox":false,"showFlares":true,"showImageEffects":true,"showParticleSystems":true},"in2DMode":false,"pivot":{"x":-92.45220947265625,"y":-16.45135498046875,"z":-59.94488525390625},"rotation":{"x":0.23194880783557893,"y":0.4699557423591614,"z":-0.1293971836566925,"w":0.8418548107147217},"size":368.54058837890627,"orthographic":false}