{"cameraMode":{"drawMode":0,"name":"Shaded","section":"Shading Mode"},"sceneLighting":true,"audioPlay":false,"sceneViewState":{"showFog":true,"showMaterialUpdate":true,"showSkybox":false,"showFlares":true,"showImageEffects":true,"showParticleSystems":true},"in2DMode":false,"pivot":{"x":-116.6651611328125,"y":-32.52947998046875,"z":5.51251220703125},"rotation":{"x":0.1308928281068802,"y":0.5471333265304565,"z":-0.08699585497379303,"w":0.8222354054450989},"size":710.6227416992188,"orthographic":false}